Activity Type,Max Heart Rate,Elapsed Time,Moving Time,Max Speed,Average Speed,Elevation Gain,Elevation Loss,Elevation Low,Elevation High,Max Grade,Average Grade,Average Positive Grade,Average Negative Grade,Max Cadence,Average Cadence,Max Heart Rate.1,Average Heart Rate,Max Watts,Average Watts,Calories,Commute.1,Average Elapsed Speed,Hour_of_Day,Month,Distance_km,Day_of_Week_Friday,Day_of_Week_Monday,Day_of_Week_Saturday,Day_of_Week_Sunday,Day_of_Week_Thursday,Day_of_Week_Tuesday,Day_of_Week_Wednesday
Walk,-1.444327416,-0.1565157523,0.03265047739,-0.3163683951,-0.3500190756,-0.319782754,-0.334830571,0.57548418,0.07522564636,-0.836446352,0.1360264535,,,0,0,-0.02382295238,-1.460064043,0,0,-0.9375336219,0,-0.2493741713,0.2737719195,1.222600037,-0.1602523501,0,0,0,0,0,1,0
Walk,-1.444327416,-0.08486280159,0.2900891988,0.1216062114,-0.3625176612,-0.2490556011,-0.2639744385,0.5079311021,0.09468528041,-0.2518315742,0.1360264535,,,0,0,-0.02382295238,-1.460064043,0,0,-0.9375336219,0,-0.1789316835,0.2737719195,1.222600037,-0.09748025573,0,0,0,0,0,0,1
Walk,-1.444327416,-0.1221034799,0.07484419917,-0.1903430242,-0.3895307333,-0.3615233688,-0.3459018417,0.5877665578,0.1180368413,1.495134938,0.08456351461,,,0,0,-0.02382295238,-1.460064043,0,0,-0.9375336219,0,-0.3820919018,0.4468087707,1.222600037,-0.1637301728,0,0,0,0,1,0,0
Walk,-1.444327416,-0.01877238258,0.393862947,1.256232106,-0.3165551206,-0.1551392178,-0.2041895767,0.3666837576,0.1336045485,-0.2655872161,0.1874893924,,,0,0,-0.02382295238,-1.460064043,0,0,-0.9375336219,0,-0.1544299487,0.2737719195,1.222600037,-0.04369688104,0,0,0,1,0,0,0
Walk,-1.444327416,-0.06100991142,0.3171730067,0.649163521,-0.3371173098,-0.2536934472,-0.2661886926,0.5202134799,0.07911757317,-0.6576230082,0.1360264535,,,0,0,-0.02382295238,-1.460064043,0,0,-0.9375336219,0,-0.1636180992,0.2737719195,1.222600037,-0.07679949811,0,1,0,0,0,0,0
Walk,-1.444327416,-0.001047705302,0.3305723643,-0.3436672662,-0.3705812648,-0.2780421392,-0.3292949357,0.5632018022,0.1219287681,-0.4581662017,0.1874893924,,,0,0,-0.02382295238,-1.460064043,0,0,-0.9375336219,0,-0.362694695,0.2737719195,1.222600037,-0.09117996011,0,0,0,0,0,1,0
Walk,0.9691799552,-0.01933806377,0.2325004704,-0.3351860635,-0.3560667783,-0.3058692157,-0.3204379191,0.5570606133,0.1180368413,-0.5269444108,0.1360264535,,,0,0,-0.02382295238,0.6891378095,0,0,0.7475021212,0,-0.3902591468,0.2737719195,1.222600037,-0.1092988954,0,0,0,0,0,1,0
Walk,-1.444327416,-0.1214435185,0.1760521129,-0.06166727752,-0.346390454,-0.2884772929,-0.3060452672,0.514072291,0.1491722557,-0.8089350683,0.1360264535,,,0,0,-0.02382295238,-1.460064043,0,0,-0.9375336219,0,-0.161576288,0.2737719195,1.222600037,-0.1201047216,0,0,0,0,0,0,1
Run,-1.444327416,-0.274743121,-0.2336261182,-0.2609755402,0.2934564927,-0.3035502927,-0.318223665,0.5017899132,0.08690142679,-1.152826114,0.1360264535,,,0,0,-0.02382295238,-1.460064043,0,0,-0.9375336219,0,1.257482523,-1.629633444,1.45741862,-0.1205441039,0,1,0,0,0,0,0
Walk,0.4542983827,-0.2734231982,-0.2729689128,-0.5333016571,-0.1387526609,-0.268766447,-0.2827955987,0.7105903357,0.1686318898,0.02328126235,0.1360264535,,,0,0,-0.02382295238,0.6271416022,0,0,0.2993543172,0,0.07629472137,-1.11052289,1.45741862,-0.211310065,1,0,0,0,0,0,0
Walk,0.9209098077,-0.08467424119,0.2595842783,-0.2797932086,-0.3141360395,0.02573677971,0.0006289313405,0.2438599797,0.2776058405,0.7248189957,0.1360264535,,,0,0,-0.02382295238,0.7717994192,0,0,1.715501378,0,-0.1084891958,0.2737719195,1.45741862,-0.08154333773,1,0,0,0,0,0,0
Walk,0.1646774982,-0.2859624646,-0.2304900983,0.0239398619,-0.6564360129,-0.3615233688,-0.3735800185,-1.266872488,-1.248029469,-1.675540504,0.1360264535,,,0,0,-0.02382295238,0.131171944,0,0,-0.4893858179,0,-0.8210813182,1.311993027,1.45741862,-0.2847092537,0,0,1,0,0,0,0
Walk,0.5025685301,-0.2924677982,-0.2723987274,-0.4851973357,-0.362114481,-0.2919556775,-0.287224107,0.6368960689,0.1374964753,-0.7332790383,0.03310057572,,,0,0,-0.02382295238,0.6064761998,0,0,-0.2563489598,0,-0.1666808161,0.7928824732,1.45741862,-0.24412969,0,0,1,0,0,0,0
Walk,0.5186585793,-0.3107581567,-0.3054694823,-0.01820111385,-0.554028247,-0.3615233688,-0.3735800185,-1.266872488,-1.248029469,-1.675540504,0.1360264535,,,0,0,-0.02382295238,0.6684724071,0,0,-0.4535339936,0,-0.5617712909,0.9659193244,1.45741862,-0.2770535753,0,0,0,1,0,0,0
Walk,1.146170496,-0.2457991001,-0.2102485156,0.2542575218,-0.1947947061,-0.2316636783,-0.2318677535,0.6737432023,0.2075511579,1.756492133,0.08456351461,,,0,0,-0.02382295238,0.5858107974,0,0,0.4606875266,0,-0.02579584058,0.7928824732,1.45741862,-0.1964157491,0,0,0,1,0,0,0
Walk,1.049630201,-0.06515824014,0.225943338,-0.3134529817,-0.3076851566,0.01414216449,-0.0015853228,0.7228727134,0.2620381332,0.539117831,0.1360264535,,,0,0,-0.02382295238,0.6478070046,0,0,1.787205026,0,-0.1983288903,0.2737719195,1.45741862,-0.08828301567,0,1,0,0,0,0,0
Walk,0.599108825,-0.1469934523,0.08881374219,-0.3839529789,-0.341955472,-0.1829662944,-0.1875826706,0.7105903357,0.2231188651,-0.189931186,0.08456351461,,,0,0,-0.02382295238,0.6064761998,0,0,1.07016854,0,-0.1809734948,0.2737719195,1.45741862,-0.1420366017,0,0,0,0,0,1,0
Walk,0.8726396603,-0.2279801426,-0.1312778336,-0.2335441503,-0.2810752647,-0.1852852174,-0.2296534993,0.5632018022,0.1452803289,1.082465683,0.2389523313,,,0,0,-0.02382295238,0.8957918337,0,0,0.6937243847,0,-0.07990383842,-0.7644491878,1.45741862,-0.1878366231,1,0,0,0,0,0,0
Walk,0.7921894146,-0.3409278202,-0.4266338861,-0.2156541134,-0.00288094007,-0.3615233688,-0.2606530573,0.6983079579,0.4566344737,-1.111559189,-1.253472897,,,0,0,-0.02382295238,0.6684724071,0,0,-0.4893858179,0,0.2784340341,1.485029878,1.45741862,-0.2671711967,1,0,0,0,0,0,0
Walk,0.7278292181,-0.3099096349,-0.366764416,0.1222688053,-0.187940643,-0.1922419865,-0.3137951567,0.1456009574,0.1297126217,1.715225207,1.010896415,,,0,0,-0.02382295238,0.5651453949,0,0,-0.2563489598,0,-0.1064473845,-0.5914123365,1.45741862,-0.2536769465,0,0,1,0,0,0,0
Walk,0.5186585793,-0.1699978206,0.03692686811,-0.3661954608,-0.3161519404,0.0002286262157,-0.008228085223,0.6123313133,0.2698219868,0.050792546,0.08456351461,,,0,0,-0.02382295238,0.4824837852,0,0,1.016390804,0,-0.1115519126,0.4468087707,1.45741862,-0.1472868481,0,0,1,0,0,0,0
Walk,0.7278292181,0.01780833436,0.2592991856,-0.3704360621,-0.3246187242,-0.07861475732,-0.09458399672,0.4895075355,0.2309027187,0.4290726963,0.1360264535,,,0,0,-0.02382295238,0.5031491877,0,0,1.858908675,0,-0.3831128074,0.619845622,1.45741862,-0.08676379545,0,0,0,1,0,0,0
Walk,0.1646774982,-0.3024614993,-0.3388253299,-0.5633834228,-0.2899452287,-0.2618096779,-0.2672958197,0.6737432023,0.1608480362,-0.1280307978,0.03310057572,,,0,0,-0.02382295238,0.3378259683,0,0,-0.274274872,0,-0.212621569,-1.11052289,1.45741862,-0.2539227027,0,1,0,0,0,0,0
Walk,0.840459562,-0.1778230771,-0.01068361525,-0.04656013527,-0.317361481,-0.1968798326,-0.1720828917,0.6737432023,0.1608480362,-0.2518315742,0.03310057572,,,0,0,-0.02382295238,0.7304686143,0,0,0.8550575941,0,-0.1666808161,0.2737719195,1.45741862,-0.16161518,0,1,0,0,0,0,0
Walk,0.7760993655,-0.3291427954,-0.3832997934,-0.4255638794,-0.1145618501,-0.1087607569,-0.1366548254,0.7105903357,0.8536110083,-0.07300823046,0.1874893924,,,0,0,-0.02382295238,0.6064761998,0,0,-0.3101266963,0,0.2886430902,-0.7644491878,1.45741862,-0.2542801663,0,0,0,0,0,1,0
Walk,0.4703884319,-0.1650952503,0.07256345745,-0.4844022229,-0.3738067063,-0.1551392178,-0.1543688585,0.7228727134,0.2386865724,0.1745933225,0.08456351461,,,0,0,-0.02382295238,0.5858107974,0,0,0.8550575941,0,-0.2034334184,0.2737719195,1.45741862,-0.1584352435,0,0,0,0,0,1,0
Walk,0.3899381862,-0.2930334794,-0.283802436,-0.4270215862,-0.2903484089,-0.2641286009,-0.2783670904,0.6614608245,0.1530641826,-0.5613335154,0.1360264535,,,0,0,-0.02382295238,0.4824837852,0,0,-0.1487934869,0,-0.04825576422,-0.4183754853,1.45741862,-0.2370325485,0,0,0,0,0,0,1
Walk,0.7760993655,-0.08495708178,0.2980717948,-0.3638101225,-0.3439713729,0.02109893362,0.02055721861,0.5263546688,0.2853896941,-0.2380759324,0.08456351461,,,0,0,-0.02382295238,0.7098032119,0,0,1.607945905,0,-0.1258445913,0.2737719195,1.45741862,-0.08575842912,0,0,0,0,0,0,1
Walk,1.130080447,-0.3554469707,-0.4406034291,-0.3436672662,0.8300893132,-0.3313773692,-0.3315091898,0.7105903357,0.1063610608,-1.070292263,-0.06982530207,,,0,0,-0.02382295238,1.474423102,0,0,-0.1487934869,0,2.942997701,1.485029878,1.45741862,-0.2416125506,0,0,0,0,1,0,0
Walk,0.8726396603,-0.2480618248,-0.200840456,-0.3676531675,-0.2492240304,-0.2525339857,-0.2385105159,0.7105903357,0.246470426,-0.3893879925,0.03310057572,,,0,0,-0.02382295238,0.5031491877,0,0,0.2993543172,0,-0.0788829328,-1.11052289,1.45741862,-0.2035128906,0,0,0,0,1,0,0
Walk,0.5025685301,-0.3169806498,-0.3989798927,-0.4842697042,-0.2391445259,-0.3383341384,-0.3625087478,0.7228727134,0.1141449145,-0.06613040955,0.2389523313,,,0,0,-0.02382295238,0.5651453949,0,0,-0.5790153787,0,-0.3290048096,-0.7644491878,1.45741862,-0.2691000106,1,0,0,0,0,0,0
Walk,0.5669287267,-0.3288599548,-0.3978395219,-0.3390291085,-0.1516544267,-0.3290584462,-0.3226521732,0.7105903357,0.1686318898,-0.3206097834,-0.06982530207,,,0,0,-0.02382295238,0.6478070046,0,0,-0.4356080814,0,0.04158393031,1.311993027,1.45741862,-0.2628667394,1,0,0,0,0,0,0
Walk,0.3416680387,-0.2610724922,-0.2353366745,-0.5249529732,-0.2431763277,-0.2525339857,-0.2916526153,0.6983079579,0.1608480362,-0.08676387229,0.2389523313,,,0,0,-0.02382295238,0.4618183828,0,0,0.2097247564,0,-0.08194564966,-0.5914123365,1.45741862,-0.2140357248,0,0,1,0,0,0,0
Walk,0.6634690215,-0.1528388246,0.07826531175,-0.08605073519,-0.3064756161,-0.05078768078,-0.08129847187,0.6246136911,0.3009574013,1.646446998,0.1360264535,,,0,0,-0.02382295238,0.5031491877,0,0,1.141872189,0,-0.09725923396,0.619845622,1.45741862,-0.1316627107,0,0,1,0,0,0,0
Walk,0.7439192672,-0.1510475008,0.1002174508,-0.2800582462,-0.3423586522,0.144001855,0.1312699257,0.7228727134,0.3009574013,1.137488251,0.08456351461,,,0,0,-0.02382295238,0.5238145901,0,0,0.9446871549,0,-0.1472836093,0.2737719195,1.45741862,-0.1390875272,0,0,0,1,0,0,0
Walk,0.2612177931,-0.2738945992,-0.2795260453,-0.4675723364,-0.33752049,-0.3221016771,-0.3492232229,0.7965669802,0.1997673043,-0.9602471285,0.1874893924,,,0,0,-0.02382295238,0.5031491877,0,0,-0.2563489598,0,-0.3157330365,0.619845622,1.45741862,-0.2424913153,0,0,0,1,0,0,0
Walk,0.3899381862,-0.2385395248,-0.2949210519,-0.1890178363,0.04509750143,0.2158884694,0.1799835168,0.7105903357,1.951134369,0.291516278,0.1360264535,,,0,0,-0.02382295238,0.4618183828,0,0,0.4069097901,0,-0.07582021594,-0.4183754853,-1.125585787,-0.1957380577,0,1,0,0,0,0,0
Walk,0.5186585793,-0.08495708178,0.2975016094,-0.2405676463,-0.3447777333,0.06747739453,0.04048550588,0.6983079579,0.3320928158,0.1539598597,0.1360264535,,,0,0,-0.02382295238,0.3791567731,0,0,1.590019993,0,-0.1289073082,0.4468087707,-1.125585787,-0.08639888471,0,1,0,0,0,0,0
Walk,0.1968575965,-0.362235145,-0.4611301046,-0.5175319209,-0.1641530123,-0.3615233688,-0.3735800185,-1.266872488,-1.248029469,-1.675540504,0.1360264535,,,0,0,-0.02382295238,0.5031491877,0,0,-0.8299781489,0,0.4254444433,1.311993027,-1.125585787,-0.2883583611,0,0,0,0,0,1,0
Walk,0.7921894146,-0.2749316813,-0.2615652042,-0.1838496034,-0.2298713818,-0.2015176787,-0.2030824496,0.7351550912,0.2309027187,0.8830088767,0.03310057572,,,0,0,-0.02382295238,0.6271416022,0,0,0.08424337123,0,-0.02885855744,0.7928824732,-1.125585787,-0.220790297,0,0,0,0,0,1,0
Walk,-0.04449314058,-0.3461132311,-0.4123792503,-0.6158608643,-0.737072049,-0.3615233688,-0.3735800185,-1.266872488,-1.248029469,-1.675540504,0.1360264535,,,0,0,-0.02382295238,0.1725027489,0,0,-0.8837558854,0,-1.025262442,-0.4183754853,-1.125585787,-0.3021802862,0,0,0,0,0,0,1
Walk,0.7921894146,-0.2226061713,-0.03890779401,-0.4033007224,-0.2060837511,-0.3615233688,-0.3735800185,-1.266872488,-1.248029469,-1.675540504,0.1360264535,,,0,0,-0.02382295238,0.8544610289,0,0,0.8909094185,0,0.3192702588,-0.0723017829,-1.125585787,-0.1364661276,0,0,0,0,0,0,1
Walk,0.1807675474,-0.2855853438,-0.3741768266,-0.07173870569,-0.02828129145,-0.2409393705,-0.3359376981,0.747437469,0.3320928158,-0.6094782618,0.6506558424,,,0,0,-0.02382295238,0.275829761,0,0,-0.1846453112,0,-0.225893342,-0.7644491878,-1.125585787,-0.2433477384,0,0,0,0,0,0,1
Walk,0.8887297095,-0.2293000654,-0.1329883899,0.02420489948,-0.3137328594,-0.266447524,-0.2850098528,0.7105903357,0.1452803289,-0.2105646488,0.1360264535,,,0,0,-0.02382295238,0.6478070046,0,0,0.3531320536,0,-0.1442208925,0.4468087707,-1.125585787,-0.1961550985,0,0,0,0,0,0,1
Walk,0.1485874491,-0.2761573239,-0.200840456,-0.4520676378,-0.1839088412,-0.3615233688,-0.3735800185,-1.266872488,-1.248029469,-1.675540504,0.1360264535,,,0,0,-0.02382295238,0.3171605658,0,0,0.3172802293,0,0.3754200679,0.9659193244,-1.125585787,-0.1908378278,0,0,0,0,0,0,1
Walk,1.001360053,-0.2475904238,-0.3411060717,-0.2469285483,0.4373918172,-0.2757232162,-0.2982953777,0.5877665578,0.1219287681,-0.6576230082,0.1360264535,,,0,0,-0.02382295238,0.5858107974,0,0,0.4965393509,0,0.1620507934,-0.5914123365,-1.125585787,-0.1793840988,0,0,0,0,1,0,0
Walk,0.4221182844,-0.1260632482,-0.09222013167,-0.09824246402,-0.08472651674,0.3179210834,0.2685536824,-0.8984011547,1.569725541,1.58454661,0.1360264535,,,0,0,-0.02382295238,0.5444799925,0,0,0.9446871549,0,-0.1625971936,0.619845622,-1.125585787,-0.1236421216,0,0,0,0,1,0,0
Walk,1.210530692,-0.2510787912,-0.3145924492,1.225752784,0.3386126729,-0.1922419865,-0.2163679745,0.6860255801,0.1530641826,0.1952267852,0.1360264535,,,0,0,-0.02382295238,0.7304686143,0,0,0.729576209,0,0.2886430902,-0.5914123365,-1.125585787,-0.1706262411,1,0,0,0,0,0,0
Walk,0.3899381862,-0.1861197346,0.07142308659,-0.4276841801,-0.4612968055,-0.3615233688,-0.3735800185,-1.266872488,-1.248029469,-1.675540504,0.1360264535,,,0,0,-0.02382295238,0.5651453949,0,0,0.5682429996,0,-0.3269629984,1.138956176,-1.125585787,-0.1911282669,1,0,0,0,0,0,0
Walk,0.953089906,-0.2829454982,-0.2684074294,-0.5127612444,-0.2665607782,-0.2710853701,-0.3049381401,0.7105903357,0.1530641826,-0.5613335154,0.2389523313,,,0,0,-0.02382295238,0.813130224,0,0,0.01253972259,0,-0.04621395298,0.9659193244,-1.125585787,-0.2287215202,0,0,1,0,0,0,0
Walk,0.4703884319,-0.2974646487,-0.2875086413,-0.4719454565,-0.3379236702,-0.2826799853,-0.2606530573,0.7105903357,0.2386865724,1.35757852,-0.121288241,,,0,0,-0.02382295238,0.4618183828,0,0,-0.02331210173,0,-0.1166564407,-0.937486039,-1.125585787,-0.2447180155,0,0,0,1,0,0,0
Walk,0.8726396603,-0.1336999443,0.1732011858,-0.2429529845,-0.3254250846,-0.09716614168,-0.04365615148,0.747437469,0.3943636447,-0.1830533651,-0.01836236317,,,0,0,-0.02382295238,0.6064761998,0,0,1.285279486,0,-0.06969478223,0.4468087707,-1.125585787,-0.1116968803,0,0,0,1,0,0,0
Walk,0.3416680387,-0.2606010912,-0.3214346743,0.4501202959,-0.09641874198,-0.2919556775,-0.3071523942,0.7228727134,0.1764157434,0.4428283381,0.1360264535,,,0,0,-0.02382295238,0.6271416022,0,0,0.1917988442,0,-0.2218097195,-0.7644491878,-1.125585787,-0.2260852263,0,1,0,0,0,0,0
Walk,0.8243695129,-0.1929079088,-0.01553019141,-0.126866523,-0.2843007062,-0.16441491,-0.1787256541,0.747437469,0.2153350115,-0.7676681429,0.1360264535,,,0,0,-0.02382295238,0.7924648216,0,0,0.8909094185,0,-0.02579584058,0.2737719195,-1.125585787,-0.1525817774,0,0,0,0,0,1,0
Walk,0.8565496112,-0.1338885047,0.1233099607,-0.1854398289,-0.288332508,-0.09716614168,-0.1211550464,0.7105903357,0.2231188651,0.5184843682,0.1360264535,,,0,0,-0.02382295238,0.8337956264,0,0,1.374909047,0,-0.06459025413,0.4468087707,-1.125585787,-0.1109745059,0,0,0,0,0,0,1
Walk,0.4221182844,-0.3311226795,-0.3909972967,-0.3544012883,-0.141171742,-0.3128259849,-0.3292949357,0.7105903357,0.1141449145,-0.6232339036,0.1360264535,,,0,0,-0.02382295238,0.5444799925,0,0,-0.3997562571,0,0.1998243013,1.485029878,-1.125585787,-0.2594187053,0,0,0,0,1,0,0
Walk,0.373848137,-0.2697462704,-0.4742443694,1.057586437,0.7458246554,-0.3336962923,-0.3713657643,-1.119483955,-0.7809982517,-0.9671249494,0.4448040869,,,0,0,-0.02382295238,0.5444799925,0,0,-0.7762004125,0,-0.7792241878,1.311993027,-1.125585787,-0.2778280797,0,0,0,0,1,0,0
Walk,0.5025685301,-0.2816255754,-0.3604923763,-0.4466343673,-0.05972934554,-0.2826799853,-0.3049381401,0.6983079579,0.2231188651,-0.2036868278,0.1874893924,,,0,0,-0.02382295238,0.6684724071,0,0,-0.1487934869,0,-0.212621569,-0.5914123365,-1.125585787,-0.2396539481,0,0,1,0,0,0,0
Walk,0.9369998569,-0.1655666513,0.0115536165,-0.08949622377,-0.3165551206,-0.1829662944,-0.1875826706,0.6491784467,0.1686318898,-0.06613040955,0.08456351461,,,0,0,-0.02382295238,0.6271416022,0,0,0.9088353306,0,-0.1789316835,0.4468087707,-1.125585787,-0.1548457134,0,0,1,0,0,0,0
Walk,0.2451277439,-0.3194319349,-0.4106686941,-0.4119144439,-0.167781634,-0.3313773692,-0.3470089688,-1.082636822,0.1374964753,0.2433715316,0.1874893924,,,0,0,-0.02382295238,0.2964951634,0,0,-0.4714599057,0,-0.2902103961,-0.7644491878,-1.125585787,-0.2688989374,0,0,0,1,0,0,0
Walk,-1.444327416,-0.1481248146,0.08453735147,-0.2053176477,-0.3609049405,-0.3058692157,-0.3204379191,0.5447782355,0.04409023188,-0.5269444108,0.1360264535,,,0,0,-0.02382295238,-1.460064043,0,0,-0.9375336219,0,-0.2248724364,0.4468087707,-1.125585787,-0.1504444431,0,0,0,1,0,0,0
Walk,0.8082794638,-0.3100039151,-0.362773118,-0.4959313578,-0.1617339312,-0.3313773692,-0.2429390242,-1.03350731,-0.6564565938,-1.042780979,-0.5329917521,,,0,0,-0.02382295238,0.9991188458,0,0,-0.2922007841,0,-0.02885855744,0.4468087707,-1.125585787,-0.2498267659,0,1,0,0,0,0,0
Walk,0.6956491198,-0.3259372686,-0.4004053563,-0.4270215862,-0.09198375999,-0.3360152153,-0.3315091898,0.7105903357,0.1219287681,0.4428283381,-0.06982530207,,,0,0,-0.02382295238,0.6271416022,0,0,-0.3280526085,0,0.04873026964,1.485029878,-1.125585787,-0.2599995836,0,1,0,0,0,0,0
Walk,0.4060282353,-0.2593754486,-0.3182986545,-0.4286118117,-0.2625289764,-0.3105070618,-0.3248664274,0.6737432023,0.1530641826,0.07830382966,0.1360264535,,,0,0,-0.02382295238,0.3791567731,0,0,-0.05916392605,0,-0.4341580884,-0.4183754853,-1.125585787,-0.2443382105,0,0,0,0,0,1,0
Walk,0.373848137,-0.3390422162,-0.4266338861,-0.5484087993,-0.02747493109,-0.2803610623,-0.3115809025,0.6491784467,0.1452803289,0.2433715316,0.4448040869,,,0,0,-0.02382295238,0.7098032119,0,0,-0.3997562571,0,0.1651135103,-0.4183754853,-1.125585787,-0.2683552948,0,0,0,0,0,0,1
Walk,0.5186585793,0.0873871207,0.3174580994,1.023131551,-0.3423586522,0.1254504707,0.1268414174,0.6123313133,0.5500407171,1.247533385,0.08456351461,,,0,0,-0.02382295238,0.6064761998,0,0,1.141872189,0,-0.4709106907,0.2737719195,-1.125585787,-0.07962941813,0,0,0,0,0,0,1
Walk,0.840459562,-0.2715375942,-0.309745873,-0.3361136951,-0.1742325168,-0.2525339857,-0.2739385821,0.4895075355,0.1141449145,1.460745834,0.1360264535,,,0,0,-0.02382295238,0.7511340167,0,0,-0.02331210173,0,-0.1860780229,-0.7644491878,-1.125585787,-0.2306577813,0,0,0,0,1,0,0
Walk,1.001360053,-0.2689920289,-0.2467403831,-0.4397433902,-0.2274523007,-0.2363015244,-0.2540102949,0.6246136911,0.1297126217,0.05767036692,0.1360264535,,,0,0,-0.02382295238,0.7924648216,0,0,0.2635024928,0,-0.02069131249,0.7928824732,-1.125585787,-0.2152496115,0,0,0,0,1,0,0
Walk,0.5186585793,-0.2917135566,-0.3371147736,-0.5440356792,-0.1814897601,-0.3360152153,-0.3381519522,0.7105903357,0.1219287681,-0.8914689193,0.03310057572,,,0,0,-0.02382295238,0.5238145901,0,0,-0.04123801389,0,-0.14013727,-0.5914123365,-1.125585787,-0.2419029898,1,0,0,0,0,0,0
Walk,0.8726396603,-0.2137438327,-0.2225075023,0.09947557315,-0.2847038863,-0.1273121413,-0.05472742218,0.7105903357,0.4488506201,0.5047287264,-0.2242141187,,,0,0,-0.02382295238,0.4618183828,0,0,0.1917988442,0,-0.4035309198,0.7928824732,-1.125585787,-0.2171709783,1,0,0,0,0,0,0
Walk,0.4382083336,-0.2615438932,-0.3271365286,0.5024652186,-0.1871342826,-0.1899230635,-0.2916526153,0.7351550912,0.3554443767,0.8073528466,0.5991929035,,,0,0,-0.02382295238,0.420487578,0,0,-0.07708983821,0,-0.3575901669,-0.937486039,-1.125585787,-0.2387305005,0,0,1,0,0,0,0
Workout,1.081810299,-0.07109789264,0.4192361986,-0.8183495779,-0.7652946617,-0.3615233688,-0.3735800185,-1.266872488,-1.248029469,-1.675540504,0.1360264535,,,0,0,-0.02382295238,0.6271416022,0,0,0.3710579658,0,-1.096725836,-0.2453386341,-1.125585787,-0.3037888723,0,0,1,0,0,0,0
Walk,0.3899381862,-0.3017072577,-0.3556458001,0.2301391017,-0.2044710304,-0.268766447,-0.24072477,0.7228727134,0.2386865724,0.1539598597,-0.2242141187,,,0,0,-0.02382295238,0.6064761998,0,0,-0.2563489598,0,-0.1707644386,0.4468087707,-1.125585787,-0.2510629941,0,0,1,0,0,0,0
Walk,1.033540152,-0.1887595801,-0.03121029072,-0.1578759203,-0.3137328594,-0.2409393705,-0.2429390242,0.7351550912,0.1764157434,-0.3068541416,0.08456351461,,,0,0,-0.02382295238,0.7304686143,0,0,0.837131682,0,-0.1452417981,0.4468087707,-1.125585787,-0.1663664667,0,1,0,0,0,0,0
Walk,0.7921894146,-0.2648437001,-0.2284944493,-0.324054485,-0.2899452287,-0.2015176787,-0.1964396872,0.7105903357,0.2931735477,0.6285295028,0.03310057572,,,0,0,-0.02382295238,0.5858107974,0,0,0.2455765807,0,-0.1166564407,-0.5914123365,-0.8907672047,-0.2199711096,0,0,0,1,0,0,0
Walk,0.6473789724,-0.2446677377,-0.2022659196,-0.2797932086,-0.2335000034,-0.1597770639,-0.1964396872,0.5509194244,0.1608480362,-0.1968090069,0.1874893924,,,0,0,-0.02382295238,0.5444799925,0,0,0.4248357023,0,-0.07990383842,-0.7644491878,-0.8907672047,-0.2009510683,0,0,1,0,0,0,0
Walk,0.2612177931,-0.08995393229,0.2011402718,-0.3903138809,-0.3346982287,-0.02991737337,-0.0392276432,0.7351550912,0.2698219868,-0.01798566314,0.08456351461,,,0,0,-0.02382295238,0.4618183828,0,0,1.195649925,0,-0.2095588521,0.2737719195,-0.8907672047,-0.1080030899,0,0,0,1,0,0,0
Walk,0.9209098077,-0.07147501343,0.2883786425,-0.2397725335,-0.3310696071,0.09066662498,0.0958418594,0.5509194244,0.3554443767,1.577668789,0.08456351461,,,0,0,-0.02382295238,0.6271416022,0,0,1.679649554,0,-0.1523881374,0.2737719195,-0.8907672047,-0.08169972804,0,1,0,0,0,0,0
Walk,0.1807675474,-0.1810286038,-0.002986111956,-0.5135563571,-0.3048628954,-0.1899230635,-0.1742971458,0.6860255801,0.1997673043,0.6285295028,0.03310057572,,,0,0,-0.02382295238,0.3998221755,0,0,1.052242628,0,-0.1095101014,0.4468087707,-0.8907672047,-0.15529999,0,0,0,0,0,1,0
Walk,0.7117391689,-0.172543386,0.03521631182,-0.3007311777,-0.3306664269,-0.03223629642,-0.0392276432,0.4526604021,0.1452803289,0.215860248,0.08456351461,,,0,0,-0.02382295238,0.5651453949,0,0,0.8192057698,0,-0.1350327419,0.619845622,-0.8907672047,-0.1529243467,0,0,0,0,0,0,1
Walk,0.599108825,-0.2975589289,-0.3248557869,-0.5507941376,-0.1355272195,-0.2316636783,-0.2075109579,0.6983079579,0.4177152056,1.385089803,-0.121288241,,,0,0,-0.02382295238,0.6891378095,0,0,0.1200951956,0,0.09569192815,0.619845622,-0.8907672047,-0.2319982697,0,0,0,0,1,0,0
Walk,0.486478481,-0.2782314883,-0.3014781843,-0.4116494063,-0.245998589,-0.2502150627,-0.2495817866,0.6614608245,0.3087412549,1.075587862,0.03310057572,,,0,0,-0.02382295238,0.6064761998,0,0,-0.09501575037,0,-0.204454324,-0.7644491878,-0.8907672047,-0.2367346622,1,0,0,0,0,0,0
Walk,0.9369998569,-0.1890424207,0.03151010653,-0.3065620045,-0.3230060035,-0.004409219875,-0.03479913491,0.6000489356,0.1608480362,0.1264485761,0.1360264535,,,0,0,-0.02382295238,0.9164572361,0,0,0.8729835063,0,-0.03906761364,0.4468087707,-0.8907672047,-0.1512859719,1,0,0,0,0,0,0
Walk,0.3899381862,-0.2583383664,-0.3516545021,-0.4135046694,-0.2008424088,-0.2571718318,-0.2473675324,0.6983079579,0.1608480362,-0.03174130497,-0.06982530207,,,0,0,-0.02382295238,0.4411529804,0,0,-0.1129416625,0,-0.49439152,-0.7644491878,-0.8907672047,-0.2492458875,0,0,1,0,0,0,0
Walk,1.178350594,-0.1912108653,0.009843060208,-0.2020046779,-0.3117169584,-0.09484721864,-0.1211550464,0.5386370466,0.1997673043,0.4428283381,0.1360264535,,,0,0,-0.02382295238,1.019784248,0,0,0.7116502968,0,-0.04417214174,0.2737719195,-0.8907672047,-0.1537807698,0,0,1,0,0,0,0
Walk,0.5669287267,-0.2462705011,-0.1931429527,-0.251566706,-0.2379349854,-0.1806473713,0.02277147275,0.6737432023,1.126045885,1.722103028,-0.7388435077,,,0,0,-0.02382295238,0.6891378095,0,0,0.4965393509,0,-0.04417214174,0.4468087707,-0.8907672047,-0.1986796851,0,0,0,1,0,0,0
Walk,0.4221182844,-0.3091553933,-0.3770277537,-0.5444332356,-0.2032614899,-0.3012313697,-0.3115809025,0.7228727134,0.1297126217,-0.430654918,0.08456351461,,,0,0,-0.02382295238,0.3584913707,0,0,-0.2922007841,0,-0.2167051914,-1.283559741,-0.8907672047,-0.2587186724,0,0,0,0,0,1,0
Walk,0.5830187758,-0.2507016704,-0.2205118533,-0.5094482746,-0.3201837422,-0.2339826013,-0.2296534993,0.6983079579,0.1764157434,-0.5682113363,0.03310057572,,,0,0,-0.02382295238,0.7098032119,0,0,0.1200951956,0,-0.2585623218,0.7928824732,-0.8907672047,-0.2229425257,0,0,0,0,0,1,0
Walk,0.4703884319,-0.2787028893,-0.2649863168,-0.3561240326,-0.2379349854,-0.2803610623,-0.2739385821,0.6737432023,0.1452803289,-0.2380759324,0.03310057572,,,0,0,-0.02382295238,0.6684724071,0,0,0.06631745907,0,-0.01967040687,0.619845622,-0.8907672047,-0.2232478591,0,0,0,0,0,0,1
Walk,0.5508386775,0.004420546199,0.3396953312,0.8581456555,-0.3867084721,0.1602343163,0.1379126881,0.6000489356,0.2698219868,1.722103028,0.1360264535,,,0,0,-0.02382295238,0.813130224,0,0,1.518316344,0,-0.3953636749,0.619845622,-0.8907672047,-0.09765898752,0,0,0,0,1,0,0
Walk,1.017450103,-0.280494213,-0.2849428068,-0.5401926342,-0.3431650125,-0.2525339857,-0.2960811235,0.5877665578,0.1374964753,0.7592081002,0.2904152702,,,0,0,-0.02382295238,1.019784248,0,0,-0.1846453112,0,-0.2922522073,0.9659193244,-0.8907672047,-0.2447478041,1,0,0,0,0,0,0
Workout,0.486478481,-0.1223863205,0.2641457618,-0.8183495779,-0.7652946617,-0.3615233688,-0.3735800185,-1.266872488,-1.248029469,-1.675540504,0.1360264535,,,0,0,-0.02382295238,0.3584913707,0,0,1.267353574,0,-1.096725836,1.311993027,-0.8907672047,-0.3037888723,1,0,0,0,0,0,0
Walk,0.5186585793,-0.2911478755,-0.3274216213,-0.5223025974,-0.2113250935,-0.2409393705,-0.2495817866,0.7228727134,0.2075511579,0.7660859211,0.08456351461,,,0,0,-0.02382295238,0.6271416022,0,0,-0.1487934869,0,-0.1411581756,0.9659193244,-0.8907672047,-0.2415753149,0,0,1,0,0,0,0
Walk,0.8243695129,-0.1475591335,0.03664177539,-0.1329623874,-0.3117169584,-0.02991737337,-0.03258488077,0.6614608245,0.2620381332,1.06183222,0.08456351461,,,0,0,-0.02382295238,0.6271416022,0,0,0.9446871549,0,-0.2003707015,0.619845622,-0.8907672047,-0.1458048637,0,0,0,1,0,0,0
Walk,0.4703884319,-0.3097210745,-0.3741768266,-0.3300178306,-0.1218190934,-0.2339826013,-0.2517960407,0.5386370466,0.1452803289,0.133326397,0.1360264535,,,0,0,-0.02382295238,0.5238145901,0,0,-0.1129416625,0,-0.05744391479,-0.7644491878,-0.8907672047,-0.251010864,0,1,0,0,0,0,0
Walk,0.8082794638,-0.2202491663,-0.08594809195,-0.1485996049,-0.2597067151,-0.1226742952,-0.1322263171,0.7228727134,0.4332829128,0.4084392336,0.08456351461,,,0,0,-0.02382295238,0.6271416022,0,0,0.7833539455,0,0.03545849659,0.4468087707,-0.8907672047,-0.1679378171,0,1,0,0,0,0,0
Walk,0.4382083336,-0.2617324536,-0.2202267606,-0.5469510926,-0.3113137783,-0.2084744479,-0.1964396872,0.6491784467,0.1608480362,0.4359505172,-0.01836236317,,,0,0,-0.02382295238,0.4824837852,0,0,0.173872932,0,-0.1574926655,0.619845622,-0.8907672047,-0.221259468,0,0,0,0,0,1,0
Walk,0.8243695129,-0.1978104791,-0.1632082176,-0.2736973442,-0.2552717332,-0.2200690631,-0.2230107369,0.6983079579,0.246470426,0.7041855329,0.08456351461,,,0,0,-0.02382295238,0.5444799925,0,0,0.6757984725,0,-0.285105868,0.4468087707,-0.8907672047,-0.1922751292,0,0,0,0,0,0,1
Workout,0.1324973999,-0.3694947202,-0.4830822436,-0.8183495779,-0.7652946617,-0.3615233688,-0.3735800185,-1.266872488,-1.248029469,-1.675540504,0.1360264535,,,0,0,-0.02382295238,0.4411529804,0,0,-0.9016817976,0,-1.096725836,0.7928824732,-0.8907672047,-0.3037888723,0,0,0,0,0,0,1
Walk,0.2933978913,-0.2930334794,-0.3542203365,-0.4146973385,-0.1230286339,-0.2084744479,-0.2163679745,0.5632018022,0.1764157434,0.2227380689,0.03310057572,,,0,0,-0.02382295238,0.3378259683,0,0,-0.1308675747,0,-0.1391163644,-0.937486039,-0.8907672047,-0.2428189902,1,0,0,0,0,0,0
Walk,0.2933978913,-0.3291427954,-0.3992649855,-0.4033007224,-0.2645448773,-0.3360152153,-0.3315091898,0.7105903357,0.1452803289,-0.3756323507,-0.06982530207,,,0,0,-0.02382295238,0.4411529804,0,0,-0.3997562571,0,-0.1758689667,-1.11052289,-0.8907672047,-0.2708724342,0,0,1,0,0,0,0
Walk,0.9369998569,-0.3380994142,-0.4100985086,-0.190475543,-0.1883438232,-0.3336962923,-0.3315091898,0.7105903357,0.1219287681,-0.4031436344,-0.01836236317,,,0,0,-0.02382295238,0.7924648216,0,0,-0.3818303449,0,0.07935743823,1.485029878,-0.8907672047,-0.2698894094,0,0,1,0,0,0,0
Walk,0.2451277439,-0.2301485872,-0.2002702706,-0.5113035377,-0.3459872738,-0.2131122939,-0.209725212,0.57548418,0.1374964753,1.226899922,0.03310057572,,,0,0,-0.02382295238,0.3378259683,0,0,0.173872932,0,-0.3698410344,-1.283559741,-0.8907672047,-0.2221307855,0,0,0,1,0,0,0
Walk,0.6634690215,-0.3225431815,-0.4132345285,-0.3746766634,-0.2109219133,-0.2989124466,-0.3049381401,0.6983079579,0.1608480362,-0.513188769,0.03310057572,,,0,0,-0.02382295238,0.6478070046,0,0,-0.5252376422,0,-0.3269629984,1.138956176,-0.8907672047,-0.2723618658,0,0,0,1,0,0,0
Walk,0.6795590707,-0.1473705731,0.01183870921,-0.0937368251,-0.2641416971,-0.1713716791,-0.1676543834,0.6860255801,0.2075511579,0.5047287264,0.08456351461,,,0,0,-0.02382295238,0.6271416022,0,0,1.267353574,0,-0.1523881374,0.4468087707,-0.8907672047,-0.137285315,0,1,0,0,0,0,0
Walk,0.05204715426,-0.3510158014,-0.4554282503,-0.6267274052,0.7788854302,-0.3360152153,-0.3536517312,0.7351550912,0.1141449145,0.5528734728,0.2904152702,,,0,0,-0.02382295238,0.2344989561,0,0,-0.3818303449,0,1.312611427,1.485029878,-0.8907672047,-0.2584356804,0,0,0,0,0,1,0
Walk,0.3577580879,-0.3340453657,-0.451722045,-0.333595838,0.2890215107,-0.3615233688,-0.3470089688,0.7597198468,0.1608480362,-0.753912501,-0.01836236317,,,0,0,-0.02382295238,0.5444799925,0,0,-0.4356080814,0,-0.04825576422,1.485029878,-0.8907672047,-0.2702990031,0,0,0,0,1,0,0
Walk,0.4382083336,-0.2791742903,-0.2635608532,-0.5366146269,-0.341955472,-0.2316636783,-0.2606530573,0.6491784467,0.1452803289,-0.0454969468,0.1874893924,,,0,0,-0.02382295238,0.6271416022,0,0,-0.02331210173,0,-0.2228306252,-0.5914123365,-0.6559486223,-0.2387453948,1,0,0,0,0,0,0
Walk,0.1807675474,-0.3155664468,-0.3593520054,-0.5270732739,-0.1843120214,-0.3058692157,-0.3248664274,0.6860255801,0.1063610608,0.08518165058,0.1360264535,,,0,0,-0.02382295238,0.3998221755,0,0,-0.1487934869,0,0.05383479774,-1.11052289,-0.6559486223,-0.2505714817,0,0,0,1,0,0,0
Walk,0.9369998569,-0.1171066294,-0.06028974762,1.077464256,-0.216969616,-0.062382296,-0.07908421773,0.5386370466,0.184199597,1.316311594,0.08456351461,,,0,0,-0.02382295238,0.7924648216,0,0,1.123946277,0,-0.3136912253,0.1007350683,-0.6559486223,-0.1472868481,0,1,0,0,0,0,0
Walk,0.5830187758,-0.3335739647,-0.4069624888,-0.43537027,-0.2419667872,-0.3383341384,-0.3403662064,0.7105903357,0.1530641826,1.453868013,0.393341148,,,0,0,-0.02382295238,0.5858107974,0,0,-0.5073117301,0,-0.1125728182,1.485029878,-0.6559486223,-0.2719969551,0,0,0,0,0,0,1
Walk,0.3255779896,-0.2243032149,-0.2664117804,-0.2323514812,-0.2500303908,-0.08325260341,-0.1100837757,0.6614608245,0.7602047648,0.1058151133,0.1360264535,,,0,0,-0.02382295238,0.5651453949,0,0,0.06631745907,0,-0.4270117491,-0.7644491878,-0.6559486223,-0.2255266895,1,0,0,0,0,0,0
Walk,0.5025685301,-0.3337625251,-0.3964140583,-0.5343618074,-0.3258282648,-0.266447524,-0.287224107,0.7105903357,0.2309027187,1.612057894,0.3418782091,,,0,0,-0.02382295238,0.6271416022,0,0,-0.5073117301,0,-0.1738271554,1.485029878,-0.6559486223,-0.2740896065,1,0,0,0,0,0,0
Walk,0.4221182844,-0.1438822057,0.008132503919,-0.4877151927,-0.3427618324,-0.1412256795,-0.1277978088,0.6983079579,0.1997673043,0.2640049944,0.03310057572,,,0,0,-0.02382295238,0.6478070046,0,0,0.9984648914,0,-0.3187957534,0.4468087707,-0.6559486223,-0.164541913,0,0,0,1,0,0,0
Walk,0.5669287267,-0.2115753881,-0.03919288673,-0.4923533504,-0.366549463,-0.2223879861,-0.2385105159,0.6737432023,0.1997673043,-0.6163560827,0.08456351461,,,0,0,-0.02382295238,0.7924648216,0,0,0.4606875266,0,-0.1554508543,0.619845622,-0.6559486223,-0.1845598736,0,1,0,0,0,0,0
Walk,0.1324973999,-0.3347996073,-0.4249233298,-0.5586127463,-0.0939996609,-0.3336962923,-0.3492232229,0.7228727134,0.1063610608,1.247533385,0.2389523313,,,0,0,-0.02382295238,0.3791567731,0,0,-0.4714599057,0,-0.04519304736,-1.975707146,-0.6559486223,-0.270812857,0,0,0,0,0,1,0
Walk,0.953089906,-0.2309971089,-0.2119590719,-0.01316539977,-0.1843120214,-0.2247069092,-0.2429390242,0.6491784467,0.1452803289,-0.4719218435,0.08456351461,,,0,0,-0.02382295238,0.7924648216,0,0,0.3531320536,0,-0.1227818744,0.7928824732,-0.6559486223,-0.1950603663,0,0,0,0,0,1,0
Walk,0.7760993655,-0.1607583612,-0.1900069328,-0.1568157699,-0.2742212016,-0.2873178314,-0.2318677535,0.6491784467,0.3554443767,-0.1349086187,-0.121288241,,,0,0,-0.02382295238,0.5858107974,0,0,0.281428405,0,-0.5005169537,0.619845622,-0.6559486223,-0.2048831676,0,0,0,0,0,0,1
Walk,0.2451277439,-0.2610724922,-0.2530124228,-0.4324548566,-0.2669639584,-0.2316636783,-0.2185822286,0.5632018022,0.1530641826,-0.07988605138,-0.01836236317,,,0,0,-0.02382295238,0.4618183828,0,0,0.1559470199,0,-0.1922034566,0.7928824732,-0.6559486223,-0.2237915017,0,0,0,0,1,0,0
Walk,0.3094879405,-0.3039699824,-0.3339787538,-0.5678890617,-0.2435795079,-0.2803610623,-0.3093666484,0.7228727134,0.1608480362,-0.6438673664,0.2389523313,,,0,0,-0.02382295238,0.5651453949,0,0,-0.1487934869,0,-0.07582021594,-1.11052289,-0.6559486223,-0.247428781,1,0,0,0,0,0,0
Walk,0.9048197586,-0.1642467286,0.03350575553,-0.2082330611,-0.3274409855,-0.09252829559,-0.1012267591,0.6737432023,0.2776058405,0.6904298911,0.08456351461,,,0,0,-0.02382295238,0.6271416022,0,0,0.7475021212,0,-0.1687226273,0.619845622,-0.6559486223,-0.1522615496,1,0,0,0,0,0,0
Walk,0.6634690215,-0.1879110583,-0.04204381388,-0.5134238383,-0.2947833909,-0.1064418339,-0.0879412343,0.6860255801,0.184199597,0.1539598597,0.03310057572,,,0,0,-0.02382295238,0.7924648216,0,0,0.8909094185,0,-0.131970025,0.619845622,-0.6559486223,-0.1639014575,0,0,1,0,0,0,0
Walk,0.3577580879,-0.3005758953,-0.2746794691,-0.5798157529,-0.3492127153,-0.3615233688,-0.3735800185,-1.266872488,-1.248029469,-1.675540504,0.1360264535,,,0,0,-0.02382295238,0.7098032119,0,0,-0.2563489598,0,-0.04315123612,-0.2453386341,-0.6559486223,-0.2428338845,0,1,0,0,0,0,0
Walk,0.3577580879,-0.2707833526,-0.2712583565,-0.5660337986,-0.3109105981,-0.2919556775,-0.271724328,0.747437469,0.1764157434,-0.09364169321,-0.06982530207,,,0,0,-0.02382295238,0.5238145901,0,0,0.06631745907,0,-0.2616250387,-1.283559741,-0.6559486223,-0.2362357026,0,1,0,0,0,0,0
Walk,0.9691799552,-0.1252147265,0.1193186627,-0.2644210288,-0.3056692557,-0.1203553721,-0.1211550464,0.6368960689,0.2620381332,0.4428283381,0.08456351461,,,0,0,-0.02382295238,0.7924648216,0,0,1.374909047,0,-0.1421790812,0.4468087707,-0.6559486223,-0.1191142496,0,1,0,0,0,0,0
Run,1.339251085,0.09653229993,0.844594529,-0.3073571173,-0.2044710304,0.2599480073,0.199911804,0.6368960689,0.347660523,0.7660859211,0.1360264535,,,0,0,-0.02382295238,1.412426894,0,0,4.117573607,0,0.2416814317,0.619845622,-0.6559486223,0.1850351282,0,1,0,0,0,0,0
Walk,0.373848137,-0.2404251288,-0.2051168467,0.2873872197,-0.2137441746,-0.2363015244,-0.2296534993,0.6123313133,0.1219287681,0.5872625774,0.03310057572,,,0,0,-0.02382295238,0.5031491877,0,0,0.4248357023,0,-0.08500836652,0.4468087707,-0.6559486223,-0.1981285954,0,0,0,0,0,1,0
Walk,0.840459562,-0.2325998723,-0.2130994427,-0.2029323094,-0.2891388683,-0.2571718318,-0.287224107,0.6000489356,0.1374964753,-0.2793428579,0.1874893924,,,0,0,-0.02382295238,0.5238145901,0,0,0.2276506685,0,-0.2932731129,0.4468087707,-0.6559486223,-0.2150708797,0,0,0,0,0,0,1
Walk,0.4382083336,-0.2299600268,-0.1814541514,-0.4078063614,-0.2540621926,-0.2409393705,-0.2495817866,0.7228727134,0.1764157434,-0.4719218435,0.08456351461,,,0,0,-0.02382295238,0.5651453949,0,0,0.4606875266,0,-0.1564717599,0.619845622,-0.6559486223,-0.1980317823,0,0,0,0,1,0,0
Walk,0.6151988741,-0.2821912566,-0.3262812505,-0.4911606813,-0.2113250935,-0.2803610623,-0.3270806815,-0.8615540213,-0.8277013735,-0.1692977233,0.1874893924,,,0,0,-0.02382295238,0.9784534434,0,0,-0.2025712233,0,-0.2279351533,0.1007350683,-0.6559486223,-0.2411657212,0,0,1,0,0,0,0
Walk,0.8243695129,-0.2194949248,-0.06912762178,-0.388326099,-0.3189742017,-0.1852852174,-0.2075109579,0.6000489356,0.1919834506,0.03703690417,0.1360264535,,,0,0,-0.02382295238,0.8544610289,0,0,0.5323911752,0,-0.06152753727,0.4468087707,-0.6559486223,-0.1790191881,0,0,1,0,0,0,0
Walk,0.4060282353,-0.3101924755,-0.3693302504,-0.5543721449,-0.2492240304,-0.2386204474,-0.2429390242,0.6737432023,0.2853896941,0.4497061591,-0.2242141187,,,0,0,-0.02382295238,0.6064761998,0,0,-0.3459785206,0,-0.2248724364,-0.5914123365,-0.6559486223,-0.2598506405,0,1,0,0,0,0,0
Walk,0.9852700043,-0.1491618968,0.04547964955,-0.2225450906,-0.3064756161,-0.02296060424,-0.07244145531,0.3789661353,0.2386865724,1.453868013,0.1360264535,,,0,0,-0.02382295238,0.7717994192,0,0,0.8909094185,0,-0.1687226273,0.4468087707,-0.6559486223,-0.1414631706,0,1,0,0,0,0,0
Walk,0.7921894146,-0.1935678702,0.01269398736,-0.1421061841,-0.3000247332,-0.1852852174,-0.2030824496,0.7351550912,0.2075511579,-0.5819669782,0.08456351461,,,0,0,-0.02382295238,0.6064761998,0,0,0.8192057698,0,0.003810422383,0.4468087707,-0.6559486223,-0.1489699058,0,0,0,0,0,1,0
Walk,0.8726396603,-0.1726376662,0.02067658337,-0.1350826881,-0.3254250846,-0.1319499874,-0.1543688585,0.6860255801,0.1764157434,-0.07300823046,0.1360264535,,,0,0,-0.02382295238,0.8337956264,0,0,0.8012798576,0,-0.1493254206,0.619845622,-0.6559486223,-0.1552329656,0,0,0,0,0,0,1
Walk,0.5508386775,-0.2748374012,-0.2852278996,-0.1617189652,-0.3109105981,-0.2478961396,-0.256224549,0.6614608245,0.2620381332,1.742736491,0.03310057572,,,0,0,-0.02382295238,0.7304686143,0,0,-0.005386189569,0,-0.2810222455,-0.7644491878,-0.6559486223,-0.2403390866,1,0,0,0,0,0,0
Walk,0.8082794638,-0.09193381646,0.2957910531,-0.1825244155,-0.3125233188,-0.166733833,-0.1831541624,0.747437469,0.3009574013,0.697307712,0.1360264535,,,0,0,-0.02382295238,0.6271416022,0,0,1.697575466,0,-0.03090036868,0.2737719195,-0.6559486223,-0.07005237301,1,0,0,0,0,0,0
Walk,0.8082794638,-0.307081229,-0.3832997934,-0.5313138752,-0.2403540665,-0.3290584462,-0.3381519522,0.6983079579,0.1608480362,0.8142306675,-0.01836236317,,,0,0,-0.02382295238,0.8544610289,0,0,-0.3639044328,0,-0.3402347714,-0.937486039,-0.6559486223,-0.2638274228,0,0,1,0,0,0,0
Walk,1.146170496,-0.1035302808,0.2652861326,-0.1454191539,-0.3036533548,0.07211524062,0.05155677658,0.6368960689,0.3009574013,0.07142600875,0.1360264535,,,0,0,-0.02382295238,0.7717994192,0,0,1.518316344,0,-0.007419539432,0.619845622,-0.6559486223,-0.07464726947,0,0,1,0,0,0,0
Walk,0.8726396603,-0.3507329608,-0.4263487934,-0.5216400034,-0.4596840847,-0.3615233688,-0.09015548844,-0.9475306659,-0.04931601154,-1.11843701,-6.760007358,,,0,0,0.1511525254,1.12311126,0,0,-0.7044967638,0,-0.3228793759,0.4468087707,-0.6559486223,-0.2890509468,0,0,0,1,0,0,0
Walk,0.5669287267,-0.1902680633,-0.1771777607,-0.3803749715,-0.2274523007,0.4106780052,3.953072573,-0.8615540213,11.86776388,1.233777743,-11.90630125,,,0,0,-3.173381553,0.8337956264,0,0,0.4069097901,0,-0.3096076028,0.619845622,-0.4211300398,-0.1910537953,0,0,0,0,0,0,1
Walk,0.8565496112,-0.106924368,0.1318627421,-0.104603366,-0.2762371026,0.07907200975,0.06484230143,0.6614608245,0.2853896941,0.5803847564,0.08456351461,,,0,0,-0.02382295238,0.6271416022,0,0,1.500390432,0,-0.1309491194,-1.629633444,-0.4211300398,-0.1033039332,0,0,0,0,0,1,0
Walk,1.06572025,-0.2860567447,-0.2629906678,-0.2132687752,-0.1359303997,-0.2757232162,-0.2761528363,0.6983079579,0.1997673043,-0.1555420814,0.03310057572,,,0,0,2.250858259,0.957788041,0,0,0.4248357023,0,0.3070193914,0.1007350683,-0.4211300398,-0.2068119816,1,0,0,0,0,0,0
Walk,0.8887297095,0.0373243354,0.3080500398,-0.3237894474,-0.2891388683,0.1022612402,0.08698484284,0.5386370466,0.3554443767,0.8692532349,0.1360264535,,,0,0,0.3261280032,0.7511340167,0,0,2.056093709,0,-0.3147121309,0.4468087707,-0.4211300398,-0.05426439816,0,1,0,0,0,0,0
Walk,-1.444327416,-0.1640581682,0.04433927869,0.6400197244,-0.3157487603,-0.2710853701,-0.287224107,0.57548418,0.07911757317,-0.5819669782,0.1360264535,,,0,0,-0.02382295238,-1.460064043,0,0,-0.9375336219,0,-0.1258445913,0.4468087707,-0.4211300398,-0.1450229121,0,0,0,1,0,0,0
Walk,-1.444327416,-0.1304001374,0.1019280071,0.3119031962,-0.3766289675,-0.3244206001,-0.3381519522,0.4158132687,0.03241445146,0.01640344143,0.08456351461,,,0,0,-0.02382295238,-1.460064043,0,0,-0.9375336219,0,-0.2963358298,0.4468087707,-0.1863114574,-0.1520232405,0,1,0,0,0,0,0
Walk,0.7278292181,-0.2155351564,-0.1212995886,-0.3664604984,-0.3234091837,-0.1690527561,-0.209725212,0.6123313133,0.1764157434,1.041198758,0.1874893924,,,0,0,-1.423626775,0.7511340167,0,0,0.4248357023,0,-0.2187470027,0.4468087707,-0.1863114574,-0.1951720737,0,0,0,0,0,1,0
Walk,0.7439192672,-0.2196834851,-0.1845901713,-0.2034623846,-0.2903484089,-0.1806473713,-0.2185822286,0.5632018022,0.1919834506,-0.1417864396,0.1360264535,,,0,0,-1.248651297,0.9164572361,0,0,0.173872932,0,-0.2891894904,0.619845622,-0.1863114574,-0.2064843066,0,0,0,0,1,0,0
Walk,0.9048197586,-0.01188992811,0.4637106621,-0.2312913309,-0.3346982287,0.1231315476,0.1379126881,0.6491784467,0.6356631069,1.680836103,0.08456351461,,,0,0,0.501103481,0.6684724071,0,0,1.805130939,0,-0.14013727,0.4468087707,-0.1863114574,-0.03481986876,1,0,0,0,0,0,0
Walk,0.6634690215,-0.3036871418,-0.3009079989,-0.4263589922,0.04590386179,-0.3081881388,-0.3005096318,0.747437469,0.184199597,-0.3068541416,-0.121288241,,,0,0,-2.123528686,0.7304686143,0,0,0.173872932,0,0.7980749944,0.7928824732,-0.1863114574,-0.1987616038,0,0,1,0,0,0,0
Walk,-1.444327416,-0.3530899657,-0.4520071377,-0.5350244014,-0.304056535,-0.3615233688,-0.3735800185,0.5202134799,-0.06488371878,-1.57237319,-0.2242141187,,,0,0,-0.02382295238,-1.460064043,0,0,-0.9375336219,0,-0.2503950769,0.7928824732,0.5181442899,-0.2892222314,0,0,0,0,0,0,1
Walk,-1.444327416,-0.373171648,-0.4942008595,-0.629377781,-0.4068674811,-0.3615233688,-0.3735800185,0.5202134799,-0.1115868405,-1.675540504,-0.121288241,,,0,0,-0.02382295238,-1.460064043,0,0,-0.9375336219,0,-0.1891407397,-1.456596593,0.5181442899,-0.3022696521,1,0,0,0,0,0,0
Workout,1.419701331,0.05250344733,0.7929927476,-0.8183495779,-0.7652946617,-0.3615233688,-0.3735800185,-1.266872488,-1.248029469,-1.675540504,0.1360264535,,,0,0,6.100318771,1.350430687,0,0,7.29046006,0,-1.096725836,-0.4183754853,0.9877814547,-0.3037888723,0,0,0,0,0,1,0
Run,1.773682412,-0.2831340586,-0.2436043632,-0.1509849431,0.3039391774,-0.1528202948,-0.1853684165,0.6000489356,0.1374964753,-0.8226907102,0.1360264535,,,0,0,9.949779283,2.135715979,0,0,1.249427662,0,1.40040931,-1.283559741,0.9877814547,-0.1256379599,1,0,0,0,0,0,0
Walk,1.017450103,-0.1923422276,-0.1315629263,-0.08764096069,-0.2447890485,-0.2038366018,-0.318223665,-1.659908578,-1.084568543,1.680836103,0.393341148,,,0,0,1.725931826,1.329765285,0,0,0.3710579658,0,-0.2177260971,0.2737719195,1.222600037,-0.1792872858,1,0,0,0,0,0,0
Walk,0.6473789724,-0.1951706336,-0.2800962307,-0.01528570043,-0.2492240304,-0.2989124466,-0.3005096318,0.7597198468,0.2153350115,-0.114275156,0.08456351461,,,0,0,-2.298504164,0.813130224,0,0,-0.07708983821,0,-0.566875819,0.619845622,1.222600037,-0.2299875371,0,0,0,1,0,0,0
Walk,1.049630201,-0.2273201812,-0.05316242975,-0.5268082363,-0.4302519316,-0.3615233688,-0.3735800185,-1.266872488,-1.248029469,-1.675540504,0.1360264535,,,0,0,2.075882781,1.20577287,0,0,1.123946277,0,-0.2483532657,0.619845622,-0.8907672047,-0.2066183555,0,0,0,1,0,0,0
Walk,0.2933978913,-0.349884439,-0.4788058529,-0.6275225179,-0.4399282559,-0.3615233688,-0.3735800185,-0.8861187769,-0.960026885,-1.11843701,-0.5329917521,,,0,0,-6.147964676,0.5444799925,0,0,-0.8658299733,0,-0.861917543,-1.629633444,-0.6559486223,-0.2991641873,0,0,0,1,0,0,0
Walk,0.8243695129,-0.1114498175,0.1438366361,-0.4605488404,-0.3693717243,-0.1365878334,-0.1676543834,0.6614608245,0.2153350115,-0.6163560827,0.1360264535,,,0,0,-0.373773908,0.8957918337,0,0,0.8550575941,0,-0.2871476792,0.619845622,-0.4211300398,-0.1384396244,0,0,0,1,0,0,0
Walk,0.7117391689,-0.2116696683,-0.147813211,-0.4711503438,-0.3850957513,-0.2223879861,-0.2429390242,0.57548418,0.1374964753,-0.0454969468,0.1360264535,,,0,0,-1.598602253,0.7098032119,0,0,0.01253972259,0,-0.4106772592,0.9659193244,0.9877814547,-0.2168581976,0,0,0,0,0,1,0
Walk,-1.444327416,0.4967517417,0.4189511059,7.01019804,2.852844279,2.300600287,2.075385061,-2.421416001,-0.55137457,1.625813535,0.1360264535,,,0,0,-0.02382295238,-1.460064043,0,0,-0.9375336219,0,2.098708754,0.9659193244,0.9877814547,1.85211867,0,1,0,0,0,0,0
Walk,-1.444327416,2.90664789,3.130467916,3.835710385,2.166631612,7.921669749,7.513593232,-1.420402211,1.153289373,1.577668789,0.1360264535,,,0,0,-0.02382295238,-1.460064043,0,0,-0.9375336219,0,1.619904018,-1.283559741,0.9877814547,6.594290119,0,0,0,0,0,1,0
Walk,-1.444327416,4.074496707,1.150499012,0.5439436004,-0.3076851566,0.4489402355,0.4722650634,-0.7878597546,-0.4462925461,0.5666291146,0.1360264535,,,0,0,-0.02382295238,-1.460064043,0,0,-0.9375336219,0,-0.9548199544,-1.11052289,0.9877814547,0.1858021854,0,0,0,0,1,0,0
Walk,-1.444327416,-0.04828208465,-0.1546554362,-0.01793607627,-0.2568844539,-0.1783284483,-0.1942254331,-0.64661241,-0.4112652048,-0.513188769,0.1360264535,,,0,0,-0.02382295238,-1.460064043,0,0,-0.9375336219,0,-0.6465064573,-1.11052289,0.9877814547,-0.1897430955,0,0,0,1,0,0,0
Ride,-1.444327416,-0.3592181786,-0.4520071377,-0.4048909479,-0.1282699763,-0.2919556775,-0.3204379191,-1.610779066,-1.084568543,0.291516278,0.8050446591,,,0,0,-0.02382295238,-1.460064043,0,0,-0.9375336219,0,0.5163050434,0.2737719195,0.9877814547,-0.2836666516,0,0,1,0,0,0,0
Walk,-1.444327416,-0.3551641301,-0.4460201907,0.1685178636,-0.02062086802,-0.2583312933,-0.2861169799,-1.008942555,-0.8238094466,-0.3825101716,0.393341148,,,0,0,-0.02382295238,-1.460064043,0,0,-0.9375336219,0,0.5949147761,0.2737719195,0.9877814547,-0.2773812503,0,0,1,0,0,0,0
Run,-1.444327416,-0.2816255754,-0.2589993698,-0.2326165188,-0.04844030048,0.17066947,0.1312699257,-1.672190955,-0.570834204,1.151243892,0.1874893924,,,0,0,-0.02382295238,-1.460064043,0,0,-0.9375336219,0,0.4509670838,0.2737719195,0.9877814547,-0.1915304134,0,0,1,0,0,0,0
Run,-1.444327416,-0.3187719736,-0.3636283961,0.672089272,-0.001671399528,-0.02527952728,-0.04587040562,-1.573931933,-0.7459709105,0.09205947149,-0.121288241,,,0,0,-0.02382295238,-1.460064043,0,0,-0.9375336219,0,0.453008895,0.4468087707,0.9877814547,-0.2359527106,0,0,1,0,0,0,0
Walk,-1.444327416,0.8781151438,0.5555105162,3.145685037,3.147972172,2.997436662,2.778410751,-2.531957401,0.02073867103,1.371334162,0.1874893924,,,0,0,-0.02382295238,-1.460064043,0,0,-0.9375336219,0,1.664823865,-1.456596593,0.9877814547,2.374209125,0,0,0,0,0,0,1
Walk,-1.444327416,-0.1133354215,-0.186870913,1.088595834,-0.06577704825,0.3387913908,0.3615523563,-1.543225989,-0.2011011571,1.495134938,-0.01836236317,,,0,0,-0.02382295238,-1.460064043,0,0,-0.9375336219,0,-0.3953636749,0.4468087707,1.222600037,-0.1615183669,0,0,0,0,0,1,0
Walk,-1.444327416,0.2888639045,1.359757065,0.2073458696,-0.2004392286,1.093600842,1.015864455,-2.673204745,-0.4852118142,1.749614312,0.1360264535,,,0,0,-0.02382295238,-1.460064043,0,0,-0.9375336219,0,0.2284096587,0.9659193244,-0.6559486223,0.3772164861,0,0,0,0,1,0,0
Walk,-1.444327416,0.2499261826,0.8748143568,0.1039812121,-0.2141473547,0.3515454676,0.3073031299,-1.573931933,-0.5280230091,1.639569177,0.1360264535,,,0,0,-0.02382295238,-1.460064043,0,0,-0.9375336219,0,-0.08194564966,0.9659193244,-0.4211300398,0.187291617,0,0,0,0,0,1,0
Walk,-1.444327416,0.2723648698,1.39396819,-0.3691108742,-0.2552717332,0.1521180857,0.1168772737,-1.942403267,-0.5980776917,1.247533385,0.1360264535,,,0,0,-0.02382295238,-1.460064043,0,0,-0.9375336219,0,0.1528626428,0.7928824732,-0.4211300398,0.3222117775,0,0,0,0,1,0,0
Walk,-1.444327416,0.6079080955,1.726386296,0.2077434259,-0.2584971746,1.225779456,1.142076941,-2.427557189,-0.633105033,1.639569177,0.1874893924,,,0,0,-0.02382295238,-1.460064043,0,0,-0.9375336219,0,-0.1360536475,0.7928824732,-0.4211300398,0.4273433063,0,1,0,0,0,0,0
Walk,-1.444327416,0.4486688406,1.238592661,0.2099962454,-0.2742212016,0.2645858534,0.2242685996,-1.942403267,-0.5864019113,1.639569177,0.1360264535,,,0,0,-0.02382295238,-1.460064043,0,0,-0.9375336219,0,-0.2289560589,0.7928824732,-0.4211300398,0.2497732722,0,0,0,0,0,1,0
Walk,-1.444327416,0.2529431489,0.761632549,1.156180418,-0.3395363909,-0.05078768078,-0.07686996359,-1.377413888,-0.7615386177,0.6491629656,0.1360264535,,,0,0,-0.02382295238,-1.460064043,0,0,-0.9375336219,0,-0.3800500906,1.138956176,-0.4211300398,0.04442533895,0,1,0,0,0,0,0
Run,-1.444327416,-0.2665407437,-0.1971342507,-0.3465826796,-0.00247775989,-0.3615233688,-0.3735800185,-1.193178222,-1.123487811,-1.187215219,0.1360264535,,,0,0,-0.02382295238,-1.460064043,0,0,-0.9375336219,0,0.6857753763,0.4468087707,0.7529628723,-0.153743534,0,0,1,0,0,0,0
Walk,-1.444327416,0.0209195809,0.1207441262,0.640284762,-0.2008424088,-0.07165798818,-0.07686996359,-1.322143188,-0.8666206416,0.3465388453,0.1360264535,,,0,0,-0.02382295238,-1.460064043,0,0,-0.9375336219,0,-0.3555483557,0.4468087707,0.7529628723,-0.07645692885,0,0,1,0,0,0,0
Walk,-1.444327416,-0.04347379454,-0.4240680516,0.4087744329,0.1910487268,-0.1864446789,-0.2639744385,-2.409133623,-1.053433128,1.543279685,0.5991929035,,,0,0,-0.02382295238,-1.460064043,0,0,-0.9375336219,0,-0.9119419184,0.619845622,0.7529628723,-0.2562611103,0,1,0,0,0,0,0
Run,-1.444327416,-0.2936934408,-0.2555782572,-0.3015262904,0.1878232854,-0.3615233688,-0.3735800185,-1.193178222,-1.170190933,-1.558617548,0.1360264535,,,0,0,-0.02382295238,-1.460064043,0,0,-0.9375336219,0,1.300360559,1.311993027,0.7529628723,-0.1523807041,0,1,0,0,0,0,0
Run,-1.444327416,-0.29331632,-0.2572888135,-0.1981616329,0.2075791142,-0.3615233688,-0.3735800185,-1.193178222,-1.170190933,-1.579251011,0.1360264535,,,0,0,-0.02382295238,-1.460064043,0,0,-0.9375336219,0,1.321799577,0.619845622,0.7529628723,-0.1503103942,0,0,0,0,0,1,0
Run,-1.444327416,-0.2640894585,-0.1740417408,-0.0444398346,0.1164603934,-0.3615233688,-0.3735800185,-1.205460599,-1.154623225,-1.510472802,0.1360264535,,,0,0,-0.02382295238,-1.460064043,0,0,-0.9375336219,0,1.0716777,0.7928824732,0.7529628723,-0.117155647,0,0,0,0,0,0,1
Run,-1.444327416,-0.1911165851,-0.09307540982,-0.2511691496,0.08501233931,-0.3615233688,-0.3735800185,-1.03350731,-1.069000836,-1.579251011,0.1360264535,,,0,0,-0.02382295238,-1.460064043,0,0,-0.9375336219,0,0.4795524411,0.619845622,0.7529628723,-0.07915280002,0,1,0,0,0,0,0
Run,-1.444327416,-0.1878167781,-0.1070449528,-0.2511691496,0.1136381321,-0.3615233688,-0.3735800185,-1.199319411,-1.154623225,-1.49671716,0.1360264535,,,0,0,-0.02382295238,-1.460064043,0,0,-0.9375336219,0,0.4489252725,0.619845622,0.7529628723,-0.07958473519,0,0,0,0,0,1,0
Walk,-1.444327416,-0.1746175504,-0.05544317147,0.368621239,-0.2500303908,-0.3615233688,-0.3735800185,-1.137907522,-1.123487811,-1.187215219,0.1360264535,,,0,0,-0.02382295238,-1.460064043,0,0,-0.9375336219,0,-0.14013727,1.311993027,0.7529628723,-0.155158494,0,0,0,0,0,0,1
Run,-1.444327416,-0.2465533417,-0.1364095025,-0.2352668946,0.1821787628,-0.3325368308,-0.3425804605,-1.260731299,-1.123487811,-1.352282921,0.1360264535,,,0,0,-0.02382295238,-1.460064043,0,0,-0.9375336219,0,1.148245622,0.9659193244,0.7529628723,-0.0801134834,0,0,1,0,0,0,0
Run,-1.444327416,-0.3476217142,-0.4209320318,-0.1716578746,0.09952682582,-0.1632554485,-0.1820470353,-1.444966966,-1.135163591,0.04391472509,0.1360264535,,,0,0,-0.02382295238,-1.460064043,0,0,-0.9375336219,0,0.9889843453,0.619845622,0.9877814547,-0.2590537946,0,0,0,0,1,0,0
Run,-1.444327416,-0.2889794309,-0.2416087142,-0.2909247871,0.1970964295,-0.3615233688,-0.3735800185,-1.193178222,-1.123487811,-0.7057677546,0.1360264535,,,0,0,-0.02382295238,-1.460064043,0,0,-0.9375336219,0,1.321799577,0.9659193244,0.9877814547,-0.1422153335,1,0,0,0,0,0,0
Run,-1.444327416,-0.2919963972,-0.2598546479,-0.2670714046,0.1942741683,-0.3615233688,-0.3735800185,-1.266872488,-1.213002128,-1.565495369,0.1360264535,,,0,0,-0.02382295238,-1.460064043,0,0,-0.9375336219,0,1.225834449,0.9659193244,0.9877814547,-0.1540041846,0,0,0,0,0,1,0
Walk,-1.444327416,-0.1241776443,0.08396716604,0.5518947279,-0.1935851655,0.09298554802,0.05266390365,-1.211601788,0.2970654745,1.701469566,0.1360264535,,,0,0,-0.02382295238,-1.460064043,0,0,-0.9375336219,0,0.01810310106,1.138956176,0.9877814547,-0.0872329664,0,0,0,0,0,0,1
Run,-1.444327416,-0.3246173459,-0.348803575,-0.3280300488,0.0184876095,-0.3615233688,-0.3735800185,-1.193178222,-1.123487811,-0.9533693076,0.1360264535,,,0,0,-0.02382295238,-1.460064043,0,0,-0.9375336219,0,0.8695383878,0.619845622,0.9877814547,-0.226636316,0,0,0,0,0,0,1
Ride,-1.444327416,5.685933856,1.742351488,4.4373457,6.60403268,7.766301905,7.266703895,-1.389696266,1.550265907,1.013687474,0.1360264535,,,0,0,-0.02382295238,-1.460064043,0,0,-0.9375336219,0,1.187040035,-1.975707146,0.9877814547,10.40622962,0,0,0,1,0,0,0
Ride,-1.444327416,1.986944556,0.1726310003,2.836518696,5.33119285,2.888447279,3.036371359,-2.863581601,-0.7381870568,0.002647799601,0.1360264535,,,0,0,-0.02382295238,-1.460064043,0,0,-0.9375336219,0,0.3580646724,-1.975707146,0.9877814547,2.356000824,0,1,0,0,0,0,0
Walk,-1.444327416,1.597755897,-0.4175109192,0.3239624062,-0.01618588603,-0.2073149863,-0.209725212,-1.180895844,-0.5319149359,0.2502493525,0.393341148,,,0,0,-0.02382295238,-1.460064043,0,0,-0.9375336219,0,-1.070182289,-1.975707146,0.9877814547,-0.2633954876,0,1,0,0,0,0,0
Ride,-1.444327416,9.533225908,0.5680545957,2.889526213,3.605178497,2.58466836,2.785053514,-2.009956345,0.409931352,0.9242758022,0.08456351461,,,0,0,-0.02382295238,-1.460064043,0,0,-0.9375336219,0,-0.7016353607,-1.975707146,0.9877814547,2.722602069,0,0,0,0,0,1,0
Ride,-1.444327416,3.568872003,3.320624757,2.87892471,1.00184407,5.152875633,5.111127489,-2.280168656,0.409931352,1.474501475,0.1360264535,,,0,0,-0.02382295238,-1.460064043,0,0,-0.9375336219,0,0.3366256544,-1.975707146,0.9877814547,4.070939804,0,0,0,0,1,0,0
Walk,-1.444327416,-0.315189326,-0.3336936611,-0.3969398204,-0.2875261476,-0.2722448316,-0.319330792,0.5939077467,0.1569561094,-0.59572262,0.1874893924,,,0,0,-0.02382295238,-1.460064043,0,0,-0.9375336219,0,0.0150403842,-1.975707146,0.9877814547,-0.2520534661,1,0,0,0,0,0,0
Walk,-1.444327416,-0.1339827849,-0.4554282503,0.3478157887,-0.1048855258,-0.3615233688,-0.3735800185,-1.211601788,-1.123487811,-0.994636233,0.2389523313,,,0,0,-0.02382295238,-1.460064043,0,0,-0.9375336219,0,-0.9925934623,-1.975707146,0.9877814547,-0.2843964731,1,0,0,0,0,0,0
Walk,-1.444327416,0.04062414234,-0.4528624158,-0.1281917109,-0.1512512466,-0.2073149863,-0.2108323391,-1.475672911,-0.4034813512,0.374050129,-0.06982530207,,,0,0,-0.02382295238,-1.460064043,0,0,-0.9375336219,0,-1.03751331,-1.975707146,0.9877814547,-0.2847315952,1,0,0,0,0,0,0
Workout,-1.444327416,-0.1866854157,-0.5004728992,-0.7043834171,3.024599036,-0.3615233688,-0.3735800185,0.6860255801,-0.01039674345,-1.675540504,0.1360264535,,,0,0,-0.02382295238,-1.460064043,0,0,-0.9375336219,0,-1.091621307,-1.975707146,0.9877814547,-0.3030888395,1,0,0,0,0,0,0
Ride,-1.444327416,0.07032240481,0.4366268542,3.901969781,4.163583047,2.825836357,3.024192961,-2.040662289,0.409931352,1.667080461,0.08456351461,,,0,0,-0.02382295238,-1.460064043,0,0,-0.9375336219,0,7.585055553,-1.975707146,0.9877814547,2.689715419,0,0,1,0,0,0,0
Walk,-1.444327416,3.51022972,0.3776126622,3.271180333,3.640658352,2.983523124,2.513807381,-2.421416001,0.09857720722,1.763369954,0.1874893924,,,0,0,-0.02382295238,-1.460064043,0,0,-0.9375336219,0,-0.2626459443,-1.975707146,0.9877814547,2.203654314,0,0,1,0,0,0,0
Walk,-1.444327416,-0.03253729153,-0.37873831,0.005519749858,-0.3088946972,-0.3615233688,-0.3735800185,-0.6343300322,-0.8432690807,-1.613640115,0.1360264535,,,0,0,-0.02382295238,-1.460064043,0,0,-0.9375336219,0,-0.9609453881,-1.975707146,0.9877814547,-0.2677148392,0,0,0,1,0,0,0
Workout,-1.444327416,-0.1146553442,-0.5007579919,-0.8183495779,-0.7652946617,-0.3615233688,-0.3735800185,0.7351550912,0.02073867103,-1.675540504,0.1360264535,,,0,0,-0.02382295238,-1.460064043,0,0,-0.9375336219,0,-1.096725836,-1.975707146,0.9877814547,-0.3037888723,0,1,0,0,0,0,0
Walk,-1.444327416,-0.3424363033,-0.4485860251,-0.2982133206,-0.3072819765,-0.3615233688,-0.3735800185,0.5509194244,0.02073867103,-0.2999763206,0.1360264535,,,0,0,-0.02382295238,-1.460064043,0,0,-0.9375336219,0,-0.4892869919,-1.975707146,0.9877814547,-0.2883136781,0,1,0,0,0,0,0
Ride,-1.444327416,-0.2288286644,-0.1321331117,2.423060066,4.128103191,0.7017028474,0.6604766653,-2.040662289,-0.5941857649,-0.2518315742,0.1360264535,,,0,0,-0.02382295238,-1.460064043,0,0,-0.9375336219,0,9.213400017,-1.975707146,0.9877814547,0.8649159658,0,0,0,0,0,1,0
Workout,-1.444327416,-0.2594697288,-0.4967666939,-0.6684708246,-0.4012229586,-0.3615233688,-0.3735800185,0.6798843912,-0.01428867026,-1.675540504,0.1360264535,,,0,0,-0.02382295238,-1.460064043,0,0,-0.9375336219,0,-1.086516779,-1.975707146,0.9877814547,-0.3028505304,0,0,0,0,1,0,0
Workout,-1.444327416,-0.1921536672,-0.5007579919,-0.8040375484,-0.7652946617,-0.3615233688,-0.3735800185,0.6184725022,-0.04931601154,-1.675540504,-3.929545719,,,0,0,-0.02382295238,-1.460064043,0,0,-0.9375336219,0,-1.09570493,-1.975707146,0.9877814547,-0.3036920593,1,0,0,0,0,0,0
Run,-1.444327416,-0.338005134,-0.4061072106,-0.2246653913,0.3309522495,-0.3244206001,-0.3304020627,0.4772251577,0.02073867103,-1.359160742,0.1360264535,,,0,0,-0.02382295238,-1.460064043,0,0,-0.9375336219,0,1.229918072,-1.975707146,0.9877814547,-0.2365708247,0,0,1,0,0,0,0
Walk,-1.444327416,-0.217703601,-0.3744619193,0.9418975318,-0.1524607871,-0.2803610623,-0.302723886,0.5877665578,0.1297126217,-0.3825101716,0.08456351461,,,0,0,-0.02382295238,-1.460064043,0,0,-0.9375336219,0,-0.6853008708,-1.975707146,0.9877814547,-0.2536397107,0,0,1,0,0,0,0
Walk,-1.444327416,-0.2859624646,-0.321719767,0.5333420971,-0.2109219133,-0.2873178314,-0.3237593003,0.4710839688,0.164739963,-0.5269444108,0.2389523313,,,0,0,-0.02382295238,-1.460064043,0,0,-0.9375336219,0,-0.1666808161,-1.975707146,0.9877814547,-0.239460322,0,0,0,1,0,0,0
Ride,-1.444327416,2.071702454,-0.2296348202,4.59636825,5.146133147,0.2135695464,0.3294456713,-1.064213255,0.3087412549,-0.7057677546,0.1360264535,,,0,0,-0.02382295238,-1.460064043,0,0,-0.9375336219,0,-0.5484995178,-1.975707146,0.9877814547,0.7345907017,0,0,0,1,0,0,0
Workout,-1.444327416,3.962963232,12.61778328,-0.8183495779,-0.7652946617,-0.3615233688,-0.3735800185,-1.266872488,-1.248029469,-1.675540504,0.1360264535,,,0,0,-0.02382295238,-1.460064043,0,0,-0.9375336219,0,-1.096725836,-1.975707146,1.222600037,-0.3037888723,0,0,0,1,0,0,0